{"cameraMode":{"drawMode":0,"name":"Shaded","section":"Shading Mode"},"sceneLighting":true,"audioPlay":false,"sceneViewState":{"showFog":true,"showMaterialUpdate":true,"showSkybox":true,"showFlares":true,"showImageEffects":true,"showParticleSystems":true},"in2DMode":false,"pivot":{"x":6.498316764831543,"y":17.313247680664064,"z":5.7635955810546879},"rotation":{"x":-0.616288423538208,"y":-0.13730037212371827,"z":0.11023705452680588,"w":-0.7675839066505432},"size":14.318891525268555,"orthographic":false}