{"cameraMode":{"drawMode":0,"name":"Shaded","section":"Shading Mode"},"sceneLighting":true,"audioPlay":false,"sceneViewState":{"showFog":false,"showMaterialUpdate":false,"showSkybox":false,"showFlares":false,"showImageEffects":false,"showParticleSystems":false},"in2DMode":false,"pivot":{"x":25.18640899658203,"y":5.111133575439453,"z":27.485836029052736},"rotation":{"x":-0.11821173131465912,"y":-0.36410534381866457,"z":0.046841103583574298,"w":-0.9226371049880981},"size":27.14550018310547,"orthographic":false}