{"cameraMode":{"drawMode":0,"name":"Shaded","section":"Shading Mode"},"sceneLighting":false,"audioPlay":false,"sceneViewState":{"showFog":true,"showMaterialUpdate":false,"showSkybox":false,"showFlares":true,"showImageEffects":true,"showParticleSystems":true},"in2DMode":false,"pivot":{"x":-4.884378433227539,"y":1.8970506191253663,"z":4.737105369567871},"rotation":{"x":-0.19788284599781037,"y":-0.535234808921814,"z":0.13064201176166535,"w":-0.8107396960258484},"size":7.342836856842041,"orthographic":false}