{"cameraMode":{"drawMode":0,"name":"Shaded","section":"Shading Mode"},"sceneLighting":false,"audioPlay":false,"sceneViewState":{"showFog":true,"showMaterialUpdate":false,"showSkybox":false,"showFlares":true,"showImageEffects":true,"showParticleSystems":true},"in2DMode":false,"pivot":{"x":13.619999885559082,"y":3.1695501804351808,"z":-12.050000190734864},"rotation":{"x":-0.2785094082355499,"y":-0.6813305616378784,"z":0.31734299659729006,"w":-0.5979253053665161},"size":6.280424118041992,"orthographic":true}