{"cameraMode":{"drawMode":0,"name":"Shaded","section":"Shading Mode"},"sceneLighting":false,"audioPlay":false,"sceneViewState":{"showFog":true,"showMaterialUpdate":false,"showSkybox":false,"showFlares":true,"showImageEffects":true,"showParticleSystems":true},"in2DMode":false,"pivot":{"x":-6.077459335327148,"y":3.0169715881347658,"z":3.8608546257019045},"rotation":{"x":-0.07257555425167084,"y":-0.9234282970428467,"z":0.21806524693965913,"w":-0.3073444068431854},"size":4.909030437469482,"orthographic":true}