{"cameraMode":{"drawMode":0,"name":"Shaded","section":"Shading Mode"},"sceneLighting":false,"audioPlay":false,"sceneViewState":{"showFog":true,"showMaterialUpdate":false,"showSkybox":false,"showFlares":true,"showImageEffects":true,"showParticleSystems":true},"in2DMode":false,"pivot":{"x":-5.67143440246582,"y":4.210000038146973,"z":-5.5951433181762699},"rotation":{"x":-0.10176778584718704,"y":-0.03282253071665764,"z":0.0033595585264265539,"w":-0.9942609071731567},"size":2.3431551456451418,"orthographic":false}